week,game,locked_at,rank,player,team,stat,line,kalshi_ask,model_pct,score,result,actual
4,IND @ WAS,2026-10-04T06:00:30-07:00,1,Daniel Jones,IND,pass,150,87,87,83.0,,
4,NE @ BUF,2026-10-04T09:01:12-07:00,2,Drake Maye,NE,pass,150,88,89,85.7,,
4,JAX @ CIN,2026-10-04T09:01:12-07:00,3,Jakobi Meyers,JAX,recyds,15,84,86,83.8,,
4,JAX @ CIN,2026-10-04T09:01:12-07:00,4,Brenton Strange,JAX,recyds,15,79,85,83.7,,
4,NE @ BUF,2026-10-04T09:01:12-07:00,5,Mack Hollins,NE,rec,2,86,85,83.7,,
4,NE @ BUF,2026-10-04T09:01:12-07:00,6,Mack Hollins,NE,recyds,15,84,84,83.0,,
4,JAX @ CIN,2026-10-04T09:01:12-07:00,7,Chase Brown,CIN,rec,2,83,87,82.9,,
4,DEN @ SF,2026-10-04T09:01:12-07:00,8,Kaelon Black,SF,rush,10,80,85,82.7,,
4,MIA @ MIN,2026-10-04T09:01:12-07:00,9,Malik Willis,MIA,pass,100,88,87,82.5,,
4,ATL @ NO (Mon),2026-10-04T09:01:12-07:00,10,Juwan Johnson,NO,rec,2,88,88,82.5,,
4,ATL @ NO (Mon),2026-10-04T09:01:12-07:00,11,Juwan Johnson,NO,recyds,15,85,87,82.2,,
4,DET @ CAR,2026-10-04T09:01:12-07:00,12,Darren Waller,CAR,rec,2,83,83,81.8,,
4,JAX @ CIN,2026-10-04T09:01:12-07:00,13,Tee Higgins,CIN,recyds,25,86,86,81.4,,
4,JAX @ CIN,2026-10-04T09:01:12-07:00,14,Brenton Strange,JAX,rec,2,84,83,81.3,,
4,DAL @ HOU,2026-10-04T09:01:12-07:00,15,Kayshon Boutte,HOU,recyds,15,63,84,81.1,,
4,JAX @ CIN,2026-10-04T09:01:12-07:00,16,Tee Higgins,CIN,rec,3,82,84,81.1,,
4,DET @ CAR,2026-10-04T09:01:12-07:00,17,Darren Waller,CAR,recyds,15,79,81,80.6,,
4,ARI @ NYG,2026-10-04T09:01:12-07:00,18,Darnell Mooney,NYG,recyds,15,60,78,80.2,,
4,LAR @ PHI,2026-10-04T09:01:12-07:00,19,Kyren Williams,LAR,rush,40,71,82,79.8,,
4,ARI @ NYG,2026-10-04T09:01:12-07:00,20,Malachi Fields,NYG,recyds,15,63,79,79.5,,
4,DEN @ SF,2026-10-04T09:01:12-07:00,21,Deebo Samuel,SF,recyds,15,77,83,79.5,,
4,DAL @ HOU,2026-10-04T09:01:12-07:00,22,George Pickens,DAL,rec,3,85,84,79.5,,
4,TEN @ BAL,2026-10-04T09:01:12-07:00,23,Cam Ward,TEN,pass,125,82,86,79.4,,
4,DAL @ HOU,2026-10-04T09:01:12-07:00,24,Jake Ferguson,DAL,rec,2,84,84,79.2,,
4,DET @ CAR,2026-10-04T09:01:12-07:00,25,Bryce Young,CAR,pass,175,85,81,79.1,,
4,ATL @ NO (Mon),2026-10-04T09:01:12-07:00,26,Tyler Shough,NO,pass,200,81,83,79.1,,
4,TEN @ BAL,2026-10-04T09:01:12-07:00,27,Carnell Tate,TEN,recyds,15,85,85,79.0,,
4,TEN @ BAL,2026-10-04T09:01:12-07:00,28,Gunnar Helm,TEN,rec,2,76,82,78.5,,
4,DEN @ SF,2026-10-04T09:01:12-07:00,29,Brock Purdy,SF,pass,175,82,83,78.4,,
4,MIA @ MIN,2026-10-04T09:01:12-07:00,32,Malik Washington,MIA,recyds,15,85,81,78.1,,
4,DAL @ HOU,2026-10-04T09:01:12-07:00,33,CeeDee Lamb,DAL,recyds,40,82,82,78.0,,
4,KC @ LV,2026-10-04T09:01:12-07:00,35,Patrick Mahomes,KC,pass,175,83,86,77.4,,
4,TEN @ BAL,2026-10-04T09:01:12-07:00,36,Carnell Tate,TEN,rec,3,81,83,77.4,,
4,MIA @ MIN,2026-10-04T09:01:12-07:00,37,Malik Washington,MIA,rec,3,79,79,77.3,,
4,ATL @ NO (Mon),2026-10-04T09:01:12-07:00,38,Chris Olave,NO,recyds,50,83,81,77.2,,
4,IND @ WAS,2026-10-04T06:00:30-07:00,39,Antonio Williams,WAS,rec,2,77,80,76.0,,
4,DAL @ HOU,2026-10-04T09:01:12-07:00,39,CeeDee Lamb,DAL,rec,4,83,81,77.0,,
4,IND @ WAS,2026-10-04T06:00:30-07:00,40,Antonio Williams,WAS,recyds,15,74,79,75.9,,
4,ARI @ NYG,2026-10-04T09:01:12-07:00,40,Jeremiyah Love,ARI,rec,2,78,82,76.4,,
4,DAL @ HOU,2026-10-04T09:01:12-07:00,41,Javonte Williams,DAL,rec,2,74,79,76.4,,
4,IND @ WAS,2026-10-04T06:00:30-07:00,42,Stefon Diggs,WAS,recyds,25,86,81,75.4,,
4,KC @ LV,2026-10-04T09:01:12-07:00,42,Xavier Worthy,KC,recyds,15,78,83,76.1,,
4,GB @ TB,2026-10-04T09:01:12-07:00,43,Tucker Kraft,GB,rec,2,88,86,75.5,,
4,ATL @ NO (Mon),2026-10-04T09:01:12-07:00,44,Bijan Robinson,ATL,rush,50,87,79,75.4,,
4,KC @ LV,2026-10-04T09:01:12-07:00,45,Kenneth Walker,KC,rec,2,81,82,74.9,,
4,JAX @ CIN,2026-10-04T09:01:12-07:00,46,Brian Thomas,JAX,recyds,15,69,80,74.1,,
4,ATL @ NO (Mon),2026-10-04T09:01:12-07:00,47,Devaughn Vele,NO,rec,3,76,76,74.0,,
4,GB @ TB,2026-10-04T09:01:12-07:00,48,Christian Watson,GB,recyds,40,75,81,73.9,,
4,ATL @ NO (Mon),2026-10-04T09:01:12-07:00,49,Devaughn Vele,NO,recyds,25,78,76,73.9,,
4,DET @ CAR,2026-10-04T09:01:12-07:00,50,Jameson Williams,DET,rec,2,86,85,73.7,,
